uas_id,protocol,timestamp_utc,lat_deg,lon_deg,alt_m,vx_ms,vy_ms,vz_ms,horizontal_variance_m2,vertical_variance_m2,velocity_variance_ms2,receiver_id
DEMO-001,WIFI,0,30.572800,104.066800,120,5.6,5.6,0,25,64,1,RX-A
DEMO-001,BLE,0,30.572818,104.066790,121,,,,100,144,4,RX-B
DEMO-001,NR,0,30.572805,104.066806,120.5,5.7,5.5,0,9,25,0.5,RX-C
DEMO-001,WIFI,1,30.572851,104.066859,120,5.6,5.6,0,25,64,1,RX-A
DEMO-001,BLE,1,30.572867,104.066845,121,,,,100,144,4,RX-B
DEMO-001,NR,1,30.572856,104.066863,120.4,5.7,5.5,0,9,25,0.5,RX-C
DEMO-001,WIFI,2,30.572902,104.066918,120,5.6,5.6,0,25,64,1,RX-A
DEMO-001,BLE,2,30.572920,104.066905,121,,,,100,144,4,RX-B
DEMO-001,NR,2,30.572907,104.066922,120.3,5.7,5.5,0,9,25,0.5,RX-C
